{
  "rasa_nlu_data": {
    "common_examples": [
      {
        "intent": "benefit_inform",
        "entities": [
          {
            "start": 8,
            "end": 24,
            "value": "orthodontic care",
            "entity": "service"
          }
        ],
        "text": "What is orthodontic care ?"
      },
      {
        "intent": "benefit_inform",
        "entities": [
          {
            "start": 6,
            "end": 28,
            "value": "orthodontic treatments",
            "entity": "service"
          }
        ],
        "text": "Which orthodontic treatments are covered by my plan?"
      },
      {
        "intent": "payment_inform",
        "entities": [
          {
            "start": 35,
            "end": 58,
            "value": "orthodontotic treatment",
            "entity": "service"
          }
        ],
        "text": "How can I get an estimation for my orthodontotic treatment plan?"
      },
      {
        "intent": "payment_inform",
        "entities": [
          {
            "start": 19,
            "end": 42,
            "value": "pretreatment estimation",
            "entity": "service"
          }
        ],
        "text": "How can i find the pretreatment estimation ?"
      },
      {
        "intent": "benefit_inform",
        "entities": [
          {
            "start": 45,
            "end": 62,
            "value": " Orthodontic Care",
            "entity": "service"
          }
        ],
        "text": "When can I be eligible for Dentally Necessary Orthodontic Care plan? "
      },
      {
        "intent": "benefit_inform",
        "entities": [
          {
            "start": 10,
            "end": 26,
            "value": "Orthodontic Care",
            "entity": "service"
          }
        ],
        "text": "What does Orthodontic Care include?"
      },
      {
        "intent": "eligibility_inform",
        "entities": [
          {
            "start": 18,
            "end": 35,
            "value": "limited treatment",
            "entity": "service"
          }
        ],
        "text": "Am I eligible for limited treatment?"
      },
      {
        "intent": "eligibility_inform",
        "entities": [
          {
            "start": 14,
            "end": 36,
            "value": "Interceptive treatment",
            "entity": "service"
          }
        ],
        "text": "Can I opt for Interceptive treatment?"
      },
      {
        "intent": "eligibility_inform",
        "entities": [
          {
            "start": 19,
            "end": 37,
            "value": "Complete treatment",
            "entity": "service"
          }
        ],
        "text": "I want to go for a Complete treatment. Am I eligible for that?"
      },
      {
        "intent": "benefit_inform",
        "entities": [
          {
            "start": 21,
            "end": 37,
            "value": "Orthodontic care",
            "entity": "service"
          }
        ],
        "text": "What treatments does Orthodontic care cover?"
      },
      {
        "intent": "benefit_inform",
        "entities": [
          {
            "start": 20,
            "end": 36,
            "value": "Orthodontic care",
            "entity": "service"
          }
        ],
        "text": "What therapies does Orthodontic care cover?"
      },
      {
        "intent": "eligibility_inform",
        "entities": [
          {
            "start": 13,
            "end": 40,
            "value": "Removable Appliance Therapy",
            "entity": "service"
          }
        ],
        "text": "Can I go for Removable Appliance Therapy ?"
      },
      {
        "intent": "eligibility_inform",
        "entities": [
          {
            "start": 14,
            "end": 37,
            "value": "Fixed Appliance Therapy",
            "entity": "service"
          }
        ],
        "text": "Can I opt for Fixed Appliance Therapy?"
      },
      {
        "intent": "payment_inform",
        "entities": [
          {
            "start": 55,
            "end": 71,
            "value": "Orthodontic Care",
            "entity": "service             "
          }
        ],
        "text": "How will I continue getting paid for my treatments for Orthodontic Care?"
      },
      {
        "intent": "payment_inform",
        "entities": [],
        "text": "Till when can I expect the payments from your side?"
      },
      {
        "intent": "payment_inform",
        "entities": [],
        "text": "What is the interval in which I will be receiving the payments?"
      },
      {
        "intent": "payment_inform",
        "entities": [
          {
            "start": 19,
            "end": 35,
            "value": "Orthodontic care",
            "entity": "service"
          }
        ],
        "text": "How will I pay for Orthodontic care?"
      },
      {
        "intent": "not_included_inform",
        "entities": [
          {
            "start": 5,
            "end": 21,
            "value": "Orthodontic Care",
            "entity": "service"
          }
        ],
        "text": "What Orthodontic Care does not include? "
      },
      {
        "intent": "not_included_inform",
        "entities": [
          {
            "start": 53,
            "end": 69,
            "value": "Orthodontic Care",
            "entity": "service"
          }
        ],
        "text": "Will the separately billed treatments be included in Orthodontic Care?"
      },
      {
        "intent": "coinsurance_inform",
        "entities": [
          {
            "start": 28,
            "end": 49,
            "value": "oral surgery services",
            "entity": "service"
          }
        ],
        "text": "What is the coinsurance for oral surgery services?"
      },
      {
        "intent": "coinsurance_inform",
        "entities": [
          {
            "start": 28,
            "end": 37,
            "value": "oral test",
            "entity": "service"
          }
        ],
        "text": "What is the coinsurance for oral test?"
      },
      {
        "intent": "coinsurance_inform",
        "entities": [
          {
            "start": 28,
            "end": 44,
            "value": "full mouth x-ray",
            "entity": "service"
          },
          {
            "start": 39,
            "end": 44,
            "value": "x-ray",
            "entity": "service"
          }
        ],
        "text": "What is the coinsurance for full mouth x-ray?"
      },
      {
        "intent": "coinsurance_inform",
        "entities": [
          {
            "start": 28,
            "end": 37,
            "value": "bitewings",
            "entity": "service"
          }
        ],
        "text": "What is the coinsurance for bitewings?"
      },
      {
        "intent": "coinsurance_inform",
        "entities": [
          {
            "start": 28,
            "end": 42,
            "value": "panoramic film",
            "entity": "service             "
          }
        ],
        "text": "What is the coinsurance for panoramic film?"
      },
      {
        "intent": "coinsurance_inform",
        "entities": [
          {
            "start": 39,
            "end": 54,
            "value": "dental cleaning",
            "entity": "service"
          }
        ],
        "text": "How much coinsurance is to be paid for dental cleaning?"
      },
      {
        "intent": "coinsurance_inform",
        "entities": [
          {
            "start": 39,
            "end": 57,
            "value": "fluoride treatment",
            "entity": "service             "
          }
        ],
        "text": "How much coinsurance is to be paid for fluoride treatment?"
      },
      {
        "intent": "coinsurance_inform",
        "entities": [
          {
            "start": 32,
            "end": 40,
            "value": "sealants",
            "entity": "service"
          }
        ],
        "text": "How much is the coinsurance for sealants?"
      },
      {
        "intent": "coinsurance_inform",
        "entities": [
          {
            "start": 34,
            "end": 51,
            "value": "space maintainers",
            "entity": "service"
          }
        ],
        "text": "How much coinsurance do I pay for space maintainers?"
      },
      {
        "intent": "coinsurance_inform",
        "entities": [
          {
            "start": 28,
            "end": 47,
            "value": "emergency treatment",
            "entity": "service"
          }
        ],
        "text": "What is the coinsurance for emergency treatment?"
      },
      {
        "intent": "coinsurance_inform",
        "entities": [
          {
            "start": 30,
            "end": 37,
            "value": "filling",
            "entity": "service"
          }
        ],
        "text": "How about the coinsurance for filling?"
      },
      {
        "intent": "coinsurance_inform",
        "entities": [
          {
            "start": 28,
            "end": 43,
            "value": "Amalgam filling",
            "entity": "service             "
          }
        ],
        "text": "What is the coinsurance for Amalgam filling?"
      },
      {
        "intent": "coinsurance_inform",
        "entities": [
          {
            "start": 31,
            "end": 46,
            "value": "composite resin",
            "entity": "service"
          }
        ],
        "text": "May I know the coinsurance for composite resin?"
      },
      {
        "intent": "coinsurance_inform",
        "entities": [
          {
            "start": 28,
            "end": 50,
            "value": "gold foil restorations",
            "entity": "service"
          }
        ],
        "text": "What is the coinsurance for gold foil restorations?"
      },
      {
        "intent": "coinsurance_inform",
        "entities": [
          {
            "start": 27,
            "end": 33,
            "value": "inlays",
            "entity": "service"
          }
        ],
        "text": "What's the coinsurance for inlays?"
      },
      {
        "intent": "coinsurance_inform",
        "entities": [
          {
            "start": 31,
            "end": 45,
            "value": "Recement Crown",
            "entity": "service"
          }
        ],
        "text": "Can I know the coinsurance for Recement Crown?"
      },
      {
        "intent": "coinsurance_inform",
        "entities": [
          {
            "start": 28,
            "end": 39,
            "value": "Resin Crown",
            "entity": "service"
          }
        ],
        "text": "What is the coinsurance for Resin Crown?"
      },
      {
        "intent": "coinsurance_inform",
        "entities": [
          {
            "start": 46,
            "end": 62,
            "value": "Sedative Filling",
            "entity": "service             "
          }
        ],
        "text": "Could you be able to find the coinsurance for Sedative Filling?"
      },
      {
        "intent": "coinsurance_inform",
        "entities": [
          {
            "start": 28,
            "end": 41,
            "value": "Pin Retention",
            "entity": "service             "
          }
        ],
        "text": "What is the coinsurance for Pin Retention?"
      },
      {
        "intent": "coinsurance_inform",
        "entities": [
          {
            "start": 26,
            "end": 53,
            "value": "extraction of erupted tooth",
            "entity": "service             "
          }
        ],
        "text": "Whats the coinsurance for extraction of erupted tooth?"
      },
      {
        "intent": "coinsurance_inform",
        "entities": [
          {
            "start": 33,
            "end": 45,
            "value": "exposed root",
            "entity": "service             "
          }
        ],
        "text": "Can you find the coinsurance for exposed root?"
      },
      {
        "intent": "coinsurance_inform",
        "entities": [
          {
            "start": 28,
            "end": 47,
            "value": "surgical extraction",
            "entity": "service             "
          }
        ],
        "text": "What is the coinsurance for surgical extraction?"
      },
      {
        "intent": "coinsurance_inform",
        "entities": [
          {
            "start": 28,
            "end": 47,
            "value": "diagnostic services",
            "entity": "service"
          }
        ],
        "text": "What is the coinsurance for diagnostic services?"
      },
      {
        "intent": "coinsurance_inform",
        "entities": [
          {
            "start": 32,
            "end": 52,
            "value": "restorative services",
            "entity": "service"
          }
        ],
        "text": "How much is the coinsurance for restorative services?"
      },
      {
        "intent": "coinsurance_inform",
        "entities": [
          {
            "start": 28,
            "end": 46,
            "value": "Root Canal Therapy",
            "entity": "service             "
          }
        ],
        "text": "What is the coinsurance for Root Canal Therapy?"
      },
      {
        "intent": "coinsurance_inform",
        "entities": [
          {
            "start": 31,
            "end": 47,
            "value": "Orthodontic Care",
            "entity": "service             "
          }
        ],
        "text": "Can I know the coinsurance for Orthodontic Care?"
      },
      {
        "intent": "coinsurance_inform",
        "entities": [
          {
            "start": 32,
            "end": 51,
            "value": "Endodontic services",
            "entity": "service             "
          }
        ],
        "text": "How much is the coinsurance for Endodontic services?"
      },
      {
        "intent": "greet",
        "entities": [],
        "text": "Hello"
      },
      {
        "intent": "greet",
        "entities": [],
        "text": "Hi"
      },
      {
        "intent": "greet",
        "entities": [],
        "text": "Hi! How are you?"
      },
      {
        "intent": "greet",
        "entities": [],
        "text": "Howdy"
      },
      {
        "intent": "greet",
        "entities": [],
        "text": "Hieee"
      },
      {
        "intent": "greet",
        "entities": [],
        "text": "What's Up?"
      },
      {
        "intent": "greet",
        "entities": [],
        "text": "I am fine."
      },
      {
        "intent": "greet",
        "entities": [],
        "text": "how are you doing?"
      },
      {
        "intent": "greet",
        "entities": [],
        "text": "Hey there"
      },
      {
        "intent": "goodbye",
        "entities": [],
        "text": "Bye"
      },
      {
        "intent": "goodbye",
        "entities": [],
        "text": "bye bye"
      },
      {
        "intent": "goodbye",
        "entities": [],
        "text": "Stop"
      },
      {
        "intent": "goodbye",
        "entities": [],
        "text": "End"
      },
      {
        "intent": "goodbye",
        "entities": [],
        "text": "See you later"
      },
      {
        "intent": "goodbye",
        "entities": [],
        "text": "Nice talking to you"
      },
      {
        "intent": "goodbye",
        "entities": [],
        "text": "Thank you"
      },
      {
        "intent": "goodbye",
        "entities": [],
        "text": "Take care"
      },
      {
        "intent": "goodbye",
        "entities": [],
        "text": "see you soon"
      },
      {
        "intent": "goodbye",
        "entities": [],
        "text": "good bye"
      },
      {
        "intent": "eligibility_inform",
        "entities": [
          {
            "start": 12,
            "end": 26,
            "value": " tooth cleaned",
            "entity": "service"
          }
        ],
        "text": "Can I get my tooth cleaned?"
      },
      {
        "intent": "benefit_inform",
        "entities": [],
        "text": "can i know my benefits?"
      },
      {
        "intent": "not_included_inform",
        "entities": [],
        "text": "can i know my limitations?"
      },
      {
        "intent": "payment_inform",
        "entities": [],
        "text": "can i know my payment terms?"
      },
      {
        "intent": "benefit_inform",
        "entities": [],
        "text": "can u tell me what my plan covers?"
      },
      {
        "intent": "benefit_inform",
        "entities": [],
        "text": "can u tell me what are my benefits ?"
      },
      {
        "intent": "coinsurance_inform",
        "entities": [],
        "text": "can u tell me the copayment?"
      },
      {
        "intent": "benefit_inform",
        "entities": [],
        "text": "can u tell me my benefits?"
      },
      {
        "intent": "benefit_inform",
        "entities": [],
        "text": "Please tell me my benefits."
      },
      {
        "intent": "coinsurance_inform",
        "entities": [],
        "text": "Please let me know my coinsurances."
      },
      {
        "intent": "coinsurance_inform",
        "entities": [],
        "text": "Please tell me the coinsurance covered for my plan."
      },
      {
        "intent": "coinsurance_inform",
        "entities": [],
        "text": "Give me the coinsurance"
      },
      {
        "intent": "coinsurance_inform",
        "entities": [],
        "text": "Please tell my coinsurance."
      },
      {
        "intent": "benefit_inform",
        "entities": [],
        "text": "Please let me know my benefits."
      },
      {
        "intent": "benefit_inform",
        "entities": [],
        "text": "Please tell me the benefits under my plan."
      },
      {
        "intent": "benefit_inform",
        "entities": [],
        "text": "Give me the benefits"
      },
      {
        "intent": "coinsurance_inform",
        "entities": [],
        "text": "can you tell me my coinsurance?"
      },
      {
        "intent": "coinsurance_inform",
        "entities": [],
        "text": "Please tell me my copayment"
      },
      {
        "intent": "coinsurance_inform",
        "entities": [
          {
            "start": 34,
            "end": 46,
            "value": "oral surgery",
            "entity": "service"
          }
        ],
        "text": "Please tell me my coinsurance for oral surgery."
      },
      {
        "intent": "benefit_inform",
        "entities": [
          {
            "start": 31,
            "end": 47,
            "value": "orthodontic care",
            "entity": "service"
          }
        ],
        "text": "Please tell me the benefits of orthodontic care."
      },
      {
        "intent": "not_included_inform",
        "entities": [],
        "text": "please tell me the services which are not included in my plan."
      },
      {
        "intent": "not_included_inform",
        "entities": [],
        "text": "please let me know the services which are not included in my plan."
      },
      {
        "intent": "eligibility_inform",
        "entities": [
          {
            "start": 34,
            "end": 52,
            "value": "Root Canal Therapy",
            "entity": "service"
          }
        ],
        "text": "Please tell me if I am covered in Root Canal Therapy."
      },
      {
        "intent": "payment_inform",
        "entities": [
          {
            "start": 44,
            "end": 60,
            "value": "orthodontic care",
            "entity": "service"
          }
        ],
        "text": "Please let me know where shall I pay for my orthodontic care."
      },
      {
        "intent": "payment_inform",
        "entities": [
          {
            "start": 40,
            "end": 56,
            "value": "orthodontic care",
            "entity": "service"
          }
        ],
        "text": "Please tell me where shall I pay for my orthodontic care."
      },
      {
        "intent": "payment_inform",
        "entities": [
          {
            "start": 57,
            "end": 68,
            "value": "orthodontic",
            "entity": "service"
          }
        ],
        "text": "Please tell me the intervals in which I shall pay for my orthodontic treatment."
      },
      {
        "intent": "benefit_inform",
        "entities": [
          {
            "start": 25,
            "end": 38,
            "value": "allergy serum",
            "entity": "service"
          }
        ],
        "text": "Tell me the benefits for allergy serum. "
      },
      {
        "intent": "benefit_inform",
        "entities": [
          {
            "start": 25,
            "end": 38,
            "value": "allergy shots",
            "entity": "service"
          }
        ],
        "text": "What are my benefits for allergy shots? "
      },
      {
        "intent": "coinsurance_inform",
        "entities": [
          {
            "start": 27,
            "end": 40,
            "value": "allergy serum",
            "entity": "service"
          }
        ],
        "text": "What's the coinsurance for allergy serum? "
      },
      {
        "intent": "coinsurance_inform",
        "entities": [
          {
            "start": 28,
            "end": 41,
            "value": "allergy shots",
            "entity": "service"
          }
        ],
        "text": "Tell me the coinsurance for allergy shots. "
      },
      {
        "intent": "coinsurance_inform",
        "entities": [
          {
            "start": 39,
            "end": 54,
            "value": "Allergy Testing",
            "entity": "service"
          }
        ],
        "text": "What is the coinsurance to be paid for Allergy Testing?"
      },
      {
        "intent": "benefit_inform",
        "entities": [
          {
            "start": 25,
            "end": 34,
            "value": "Ambulance",
            "entity": "service"
          }
        ],
        "text": "Give me the Benefits for Ambulance."
      },
      {
        "intent": "benefit_inform",
        "entities": [
          {
            "start": 25,
            "end": 43,
            "value": "Ambulance Services",
            "entity": "service"
          }
        ],
        "text": "Give me the Benefits for Ambulance Services."
      },
      {
        "intent": "coinsurance_inform",
        "entities": [
          {
            "start": 27,
            "end": 45,
            "value": "Ambulance Services",
            "entity": "service"
          }
        ],
        "text": "What is my coinsurance for Ambulance Services?"
      },
      {
        "intent": "coinsurance_inform",
        "entities": [
          {
            "start": 27,
            "end": 36,
            "value": "Ambulance",
            "entity": "service"
          }
        ],
        "text": "What is my coinsurance for Ambulance?"
      },
      {
        "intent": "benefit_inform",
        "entities": [
          {
            "start": 27,
            "end": 41,
            "value": "psychotherapy",
            "entity": "service"
          }
        ],
        "text": "Can I know the benefits for psychotherapy?"
      },
      {
        "intent": "benefit_inform",
        "entities": [
          {
            "start": 24,
            "end": 45,
            "value": "psychological testing",
            "entity": "service"
          }
        ],
        "text": "Tell me the benefits of psychological testing."
      },
      {
        "intent": "coinsurance_inform",
        "entities": [
          {
            "start": 16,
            "end": 24,
            "value": "Diabetes",
            "entity": "service"
          }
        ],
        "text": "Coinsurance for Diabetes training."
      },
      {
        "intent": "benefit_inform",
        "entities": [
          {
            "start": 25,
            "end": 31,
            "value": "X-rays",
            "entity": "service"
          }
        ],
        "text": "What are the Benefits of X-rays?"
      },
      {
        "intent": "benefit_inform",
        "entities": [
          {
            "start": 25,
            "end": 49,
            "value": "regular imaging services",
            "entity": "service"
          }
        ],
        "text": "What are the Benefits of regular imaging services?"
      },
      {
        "intent": "benefit_inform",
        "entities": [
          {
            "start": 27,
            "end": 37,
            "value": "Ultrasound",
            "entity": "service"
          }
        ],
        "text": "May I know the benefits of Ultrasound?"
      },
      {
        "intent": "benefit_inform",
        "entities": [
          {
            "start": 20,
            "end": 38,
            "value": "Electrocardiograms",
            "entity": "service"
          }
        ],
        "text": "Can you tell me the Electrocardiograms benefits?"
      },
      {
        "intent": "benefit_inform",
        "entities": [
          {
            "start": 21,
            "end": 43,
            "value": "Electroencephalography",
            "entity": "service"
          }
        ],
        "text": "Give me the benefits Electroencephalography?"
      },
      {
        "intent": "benefit_inform",
        "entities": [
          {
            "start": 25,
            "end": 40,
            "value": "Echocardiograms",
            "entity": "service"
          }
        ],
        "text": "What are the benefits of Echocardiograms?"
      },
      {
        "intent": "benefit_inform",
        "entities": [
          {
            "start": 25,
            "end": 57,
            "value": "Magnetic Resonance Imaging (MRI)",
            "entity": "service"
          }
        ],
        "text": "List out the benefits of Magnetic Resonance Imaging (MRI)"
      },
      {
        "intent": "benefit_inform",
        "entities": [
          {
            "start": 25,
            "end": 57,
            "value": "Magnetic Resonance Imaging (MRI)",
            "entity": "service"
          }
        ],
        "text": "What are the benefits of Magnetic Resonance Imaging (MRI)?"
      },
      {
        "intent": "benefit_inform",
        "entities": [
          {
            "start": 28,
            "end": 58,
            "value": "Magnetic Resonance Angiography",
            "entity": "service"
          }
        ],
        "text": "Can I know the benefits for Magnetic Resonance Angiography?"
      },
      {
        "intent": "benefit_inform",
        "entities": [
          {
            "start": 28,
            "end": 31,
            "value": "MRA",
            "entity": "service"
          }
        ],
        "text": "Can I know the benefits for MRA?"
      },
      {
        "intent": "benefit_inform",
        "entities": [
          {
            "start": 22,
            "end": 31,
            "value": "PET scans",
            "entity": "service"
          }
        ],
        "text": "List out the benefits PET scans."
      },
      {
        "intent": "benefit_inform",
        "entities": [
          {
            "start": 25,
            "end": 34,
            "value": "PET scans",
            "entity": "service"
          }
        ],
        "text": "What are my benefits for PET scans?"
      },
      {
        "intent": "benefit_inform",
        "entities": [
          {
            "start": 12,
            "end": 31,
            "value": "PET/CT Fusion scans",
            "entity": "service"
          }
        ],
        "text": "Tell me the PET/CT Fusion scans benefits?"
      },
      {
        "intent": "benefit_inform",
        "entities": [
          {
            "start": 26,
            "end": 52,
            "value": "Diagnostic CT Colonography",
            "entity": "service"
          }
        ],
        "text": "What are the benefits for Diagnostic CT Colonography"
      },
      {
        "intent": "benefit_inform",
        "entities": [
          {
            "start": 13,
            "end": 34,
            "value": "QTC Bone Densitometry",
            "entity": "service"
          }
        ],
        "text": "Benefits for QTC Bone Densitometry?"
      },
      {
        "intent": "benefit_inform",
        "entities": [
          {
            "start": 9,
            "end": 27,
            "value": "Nuclear Cardiology",
            "entity": "service"
          }
        ],
        "text": "Give the Nuclear Cardiology benefits."
      },
      {
        "intent": "benefit_inform",
        "entities": [
          {
            "start": 25,
            "end": 41,
            "value": "Artificial limbs",
            "entity": "service"
          }
        ],
        "text": "Tell me the benefits for Artificial limbs."
      },
      {
        "intent": "benefit_inform",
        "entities": [
          {
            "start": 24,
            "end": 39,
            "value": "prosthetic arms",
            "entity": "service"
          }
        ],
        "text": "Give me my benefits for prosthetic arms."
      },
      {
        "intent": "benefit_inform",
        "entities": [
          {
            "start": 26,
            "end": 43,
            "value": "Breast prosthesis",
            "entity": "service"
          }
        ],
        "text": "What are the benefits for Breast prosthesis?"
      },
      {
        "intent": "benefit_inform",
        "entities": [
          {
            "start": 12,
            "end": 39,
            "value": "composite facial prosthesis",
            "entity": "service"
          }
        ],
        "text": "Benefits of composite facial prosthesis."
      },
      {
        "intent": "benefit_inform",
        "entities": [
          {
            "start": 20,
            "end": 66,
            "value": "surgical construction of an artificial opening",
            "entity": "service"
          }
        ],
        "text": "Give me benefits of surgical construction of an artificial opening"
      },
      {
        "intent": "coinsurance_inform",
        "entities": [
          {
            "start": 39,
            "end": 58,
            "value": "gestational diabete",
            "entity": "service"
          }
        ],
        "text": "What is the coinsurance to be paid for gestational diabete?"
      },
      {
        "intent": "coinsurance_inform",
        "entities": [
          {
            "start": 28,
            "end": 39,
            "value": "Hearing Aid",
            "entity": "service"
          }
        ],
        "text": "Give me the coinsurance for Hearing Aid."
      },
      {
        "intent": "benefit_inform",
        "entities": [
          {
            "start": 27,
            "end": 33,
            "value": "braces",
            "entity": "service"
          }
        ],
        "text": "Can I know the benefits of braces?"
      },
      {
        "intent": "benefit_inform",
        "entities": [
          {
            "start": 29,
            "end": 34,
            "value": "boots",
            "entity": "service"
          }
        ],
        "text": "Give the benefit coverage of boots ?"
      },
      {
        "intent": "benefit_inform",
        "entities": [
          {
            "start": 0,
            "end": 7,
            "value": "Splints",
            "entity": "service"
          }
        ],
        "text": "Splints benefits"
      },
      {
        "intent": "benefit_inform",
        "entities": [
          {
            "start": 27,
            "end": 34,
            "value": "splints",
            "entity": "service"
          }
        ],
        "text": "Can I know the benefits of splints?"
      },
      {
        "intent": "benefit_inform",
        "entities": [
          {
            "start": 31,
            "end": 39,
            "value": "ear mold",
            "entity": "service"
          }
        ],
        "text": "Please tell me the benefits of ear mold?"
      },
      {
        "intent": "benefit_inform",
        "entities": [
          {
            "start": 24,
            "end": 43,
            "value": "ancillary equipment",
            "entity": "service"
          }
        ],
        "text": "Give me the benefits of ancillary equipment."
      },
      {
        "intent": "benefit_inform",
        "entities": [
          {
            "start": 21,
            "end": 36,
            "value": "New hearing aid",
            "entity": "service"
          }
        ],
        "text": "Give the benefits of New hearing aid."
      },
      {
        "intent": "coinsurance_inform",
        "entities": [
          {
            "start": 25,
            "end": 55,
            "value": "Emergency Room Facility Charge",
            "entity": "service"
          }
        ],
        "text": "What is the copayment of Emergency Room Facility Charge?"
      },
      {
        "intent": "coinsurance_inform",
        "entities": [
          {
            "start": 30,
            "end": 58,
            "value": "Emergency Room Doctor Charge",
            "entity": "service"
          }
        ],
        "text": "Can I know the coinsurance of Emergency Room Doctor Charge?"
      },
      {
        "intent": "coinsurance_inform",
        "entities": [
          {
            "start": 27,
            "end": 39,
            "value": "lab services",
            "entity": "service"
          }
        ],
        "text": "Give me the coinsurance of lab services."
      },
      {
        "intent": "coinsurance_inform",
        "entities": [
          {
            "start": 25,
            "end": 34,
            "value": "CAT scans",
            "entity": "service"
          }
        ],
        "text": "What is the copayment of CAT scans?"
      },
      {
        "intent": "coinsurance_inform",
        "entities": [
          {
            "start": 27,
            "end": 45,
            "value": "Prescription Drugs",
            "entity": "service"
          }
        ],
        "text": "What is the coinsurance of Prescription Drugs?"
      },
      {
        "intent": "coinsurance_inform",
        "entities": [
          {
            "start": 16,
            "end": 37,
            "value": "Home Infusion Therapy",
            "entity": "service"
          }
        ],
        "text": "Coinsurance for Home Infusion Therapy?"
      },
      {
        "intent": "coinsurance_inform",
        "entities": [
          {
            "start": 22,
            "end": 35,
            "value": "Home Dialysis",
            "entity": "service"
          }
        ],
        "text": "Whats the coinsurance Home Dialysis?"
      },
      {
        "intent": "benefit_inform",
        "entities": [
          {
            "start": 32,
            "end": 40,
            "value": "crutches",
            "entity": "service"
          }
        ],
        "text": "Can you tell me the benefits of crutches?"
      },
      {
        "intent": "benefit_inform",
        "entities": [
          {
            "start": 25,
            "end": 44,
            "value": "oxygen concentrator",
            "entity": "service"
          }
        ],
        "text": "What are the benefits of oxygen concentrator?"
      },
      {
        "intent": "benefit_inform",
        "entities": [
          {
            "start": 0,
            "end": 10,
            "value": "ventilator",
            "entity": "service"
          }
        ],
        "text": "ventilator benefits?"
      },
      {
        "intent": "coinsurance_inform",
        "entities": [
          {
            "start": 0,
            "end": 10,
            "value": "ventilator",
            "entity": "service"
          }
        ],
        "text": "ventilator coinsurance?"
      },
      {
        "intent": "benefit_inform",
        "entities": [
          {
            "start": 20,
            "end": 31,
            "value": "ventilator ",
            "entity": "service"
          }
        ],
        "text": "Can you tell me the ventilator benefits?"
      },
      {
        "intent": "coinsurance_inform",
        "entities": [
          {
            "start": 16,
            "end": 27,
            "value": "ventilator ",
            "entity": "service"
          }
        ],
        "text": "can you tell me ventilator coinsurance?"
      },
      {
        "intent": "benefit_inform",
        "entities": [
          {
            "start": 27,
            "end": 58,
            "value": "negative pressure wound therapy",
            "entity": "service"
          }
        ],
        "text": "Can I know the benefits of negative pressure wound therapy devices?"
      },
      {
        "intent": "benefit_inform",
        "entities": [
          {
            "start": 24,
            "end": 57,
            "value": "battery for a powered wheelchair",
            "entity": "service"
          }
        ],
        "text": "What are the benefits of battery for a powered wheelchair?"
      },
      {
        "intent": "benefit_inform",
        "entities": [
          {
            "start": 12,
            "end": 25,
            "value": "Hospital beds",
            "entity": "service"
          }
        ],
        "text": "Benefits of Hospital beds?"
      },
      {
        "intent": "benefit_inform",
        "entities": [
          {
            "start": 12,
            "end": 23,
            "value": "wheelchairs",
            "entity": "service"
          }
        ],
        "text": "Benefits of wheelchairs?"
      },
      {
        "intent": "coinsurance_inform",
        "entities": [
          {
            "start": 15,
            "end": 28,
            "value": "Hospital beds",
            "entity": "service"
          }
        ],
        "text": "Coinsurance of Hospital beds?"
      },
      {
        "intent": "coinsurance_inform",
        "entities": [
          {
            "start": 15,
            "end": 25,
            "value": "wheelchair",
            "entity": "service"
          }
        ],
        "text": "Coinsurance of wheelchair?"
      },
      {
        "intent": "benefit_inform",
        "entities": [
          {
            "start": 25,
            "end": 48,
            "value": "emergency room services",
            "entity": "service"
          }
        ],
        "text": "tell me the benefits for emergency room services?"
      },
      {
        "intent": "benefit_inform",
        "entities": [
          {
            "start": 26,
            "end": 49,
            "value": "emergency room services",
            "entity": "service"
          }
        ],
        "text": "what are the benefits for emergency room services?"
      },
      {
        "intent": "benefit_inform",
        "entities": [
          {
            "start": 15,
            "end": 38,
            "value": "emergency room services",
            "entity": "service"
          }
        ],
        "text": "can I know the emergency room services benefits?"
      },
      {
        "intent": "benefit_inform",
        "entities": [
          {
            "start": 0,
            "end": 22,
            "value": "emergency room service",
            "entity": "service"
          }
        ],
        "text": "emergency room service benefits?"
      },
      {
        "intent": "benefit_inform",
        "entities": [
          {
            "start": 24,
            "end": 37,
            "value": "contraception",
            "entity": "service"
          }
        ],
        "text": "what are my benefits of contraception?"
      },
      {
        "intent": "benefit_inform",
        "entities": [
          {
            "start": 20,
            "end": 33,
            "value": "contraception",
            "entity": "service"
          }
        ],
        "text": "tell me benefits of contraception?"
      },
      {
        "intent": "benefit_inform",
        "entities": [
          {
            "start": 0,
            "end": 13,
            "value": "contraception",
            "entity": "service"
          }
        ],
        "text": "contraception benefits?"
      },
      {
        "intent": "benefit_inform",
        "entities": [
          {
            "start": 15,
            "end": 28,
            "value": "contraception",
            "entity": "service"
          }
        ],
        "text": "can I know the contraception benefits?"
      },
      {
        "intent": "coinsurance_inform",
        "entities": [
          {
            "start": 16,
            "end": 38,
            "value": "nutritional counseling",
            "entity": "service"
          }
        ],
        "text": "coinsurance for nutritional counseling?"
      },
      {
        "intent": "coinsurance_inform",
        "entities": [
          {
            "start": 0,
            "end": 22,
            "value": "nutritional counseling",
            "entity": "service"
          }
        ],
        "text": "nutritional counseling coinsurance?"
      },
      {
        "intent": "coinsurance_inform",
        "entities": [
          {
            "start": 11,
            "end": 33,
            "value": "nutritional counseling",
            "entity": "service"
          }
        ],
        "text": "can I know nutritional counseling coinsurance?"
      },
      {
        "intent": "coinsurance_inform",
        "entities": [
          {
            "start": 25,
            "end": 47,
            "value": "nutritional counseling",
            "entity": "service"
          }
        ],
        "text": "tell the coinsurance for nutritional counseling?"
      },
      {
        "intent": "coinsurance_inform",
        "entities": [
          {
            "start": 27,
            "end": 49,
            "value": "nutritional counseling",
            "entity": "service"
          }
        ],
        "text": "what is my coinsurance for nutritional counseling?"
      },
      {
        "intent": "coinsurance_inform",
        "entities": [
          {
            "start": 44,
            "end": 51,
            "value": "allergy",
            "entity": "service"
          }
        ],
        "text": "Can you tell me the coinsurance if I go for allergy?"
      },
      {
        "intent": "coinsurance_inform",
        "entities": [
          {
            "start": 28,
            "end": 35,
            "value": "allergy",
            "entity": "service"
          }
        ],
        "text": "tell me the coinsurance for allergy?"
      },
      {
        "intent": "coinsurance_inform",
        "entities": [
          {
            "start": 11,
            "end": 18,
            "value": "allergy",
            "entity": "service"
          }
        ],
        "text": "Can I know allergy coinsurance?"
      },
      {
        "intent": "coinsurance_inform",
        "entities": [
          {
            "start": 0,
            "end": 8,
            "value": "Allergy ",
            "entity": "service"
          }
        ],
        "text": "Allergy coinsurance?"
      },
      {
        "intent": "coinsurance_inform",
        "entities": [
          {
            "start": 27,
            "end": 42,
            "value": "allergy testing",
            "entity": "service"
          }
        ],
        "text": "What is my coinsurance for allergy testing?"
      },
      {
        "intent": "benefit_inform",
        "entities": [
          {
            "start": 26,
            "end": 41,
            "value": "substance abuse",
            "entity": "service"
          }
        ],
        "text": "what are the benefits for substance abuse?"
      },
      {
        "intent": "coinsurance_inform",
        "entities": [
          {
            "start": 26,
            "end": 36,
            "value": "telehealth",
            "entity": "service"
          }
        ],
        "text": "what is the copayment for telehealth?"
      },
      {
        "intent": "coinsurance_inform",
        "entities": [
          {
            "start": 28,
            "end": 42,
            "value": "office surgery",
            "entity": "service"
          }
        ],
        "text": "what is the coinsurance for office surgery?"
      },
      {
        "intent": "coinsurance_inform",
        "entities": [
          {
            "start": 31,
            "end": 43,
            "value": "office visit",
            "entity": "service"
          }
        ],
        "text": "My coinsurance for urgent care office visit is how much?"
      },
      {
        "intent": "coinsurance_inform",
        "entities": [
          {
            "start": 27,
            "end": 49,
            "value": "doctor surgery charges",
            "entity": "service"
          }
        ],
        "text": "What is my coinsurance for doctor surgery charges?"
      },
      {
        "intent": "coinsurance_inform",
        "entities": [
          {
            "start": 25,
            "end": 51,
            "value": "single vision plastic lens",
            "entity": "service"
          }
        ],
        "text": "What is my copayment for single vision plastic lens?"
      },
      {
        "intent": "benefit_inform",
        "entities": [
          {
            "start": 16,
            "end": 33,
            "value": "kidney transplant",
            "entity": "service"
          }
        ],
        "text": "My benefits for kidney transplant?"
      },
      {
        "intent": "benefit_inform",
        "entities": [
          {
            "start": 16,
            "end": 33,
            "value": "cornea transplant",
            "entity": "service"
          }
        ],
        "text": "My benefits for cornea transplant?"
      },
      {
        "intent": "coinsurance_inform",
        "entities": [
          {
            "start": 16,
            "end": 33,
            "value": "kidney transplant",
            "entity": "service"
          }
        ],
        "text": "Coinsurance for kidney transplant"
      },
      {
        "intent": "coinsurance_inform",
        "entities": [
          {
            "start": 16,
            "end": 33,
            "value": "cornea transplant",
            "entity": "service"
          }
        ],
        "text": "coinsurance for cornea transplant?"
      },
      {
        "intent": "coinsurance_inform",
        "entities": [
          {
            "start": 0,
            "end": 21,
            "value": " Diabetic test strips",
            "entity": "service"
          }
        ],
        "text": " Diabetic test strips copay?"
      },
      {
        "intent": "coinsurance_inform",
        "entities": [
          {
            "start": 13,
            "end": 33,
            "value": "Diabetic test strips",
            "entity": "service"
          }
        ],
        "text": "Copayment of Diabetic test strips"
      },
      {
        "intent": "benefit_inform",
        "entities": [
          {
            "start": 32,
            "end": 46,
            "value": "speech therapy",
            "entity": "service"
          }
        ],
        "text": "Can you tell me the benefits of speech therapy?"
      },
      {
        "intent": "benefit_inform",
        "entities": [
          {
            "start": 5,
            "end": 19,
            "value": "speech therapy",
            "entity": "service"
          }
        ],
        "text": "Tell speech therapy benefits"
      },
      {
        "intent": "benefit_inform",
        "entities": [
          {
            "start": 0,
            "end": 16,
            "value": "Physical therapy",
            "entity": "service"
          }
        ],
        "text": "Physical therapy benefits"
      },
      {
        "intent": "benefit_inform",
        "entities": [
          {
            "start": 28,
            "end": 44,
            "value": "Physical therapy",
            "entity": "service"
          }
        ],
        "text": "can you tell me benefits of Physical therapy?"
      },
      {
        "intent": "benefit_inform",
        "entities": [
          {
            "start": 5,
            "end": 21,
            "value": "Physical therapy",
            "entity": "service"
          }
        ],
        "text": "tell Physical therapy benefits"
      },
      {
        "intent": "coinsurance_inform",
        "entities": [
          {
            "start": 0,
            "end": 12,
            "value": "chemotherapy",
            "entity": "service"
          }
        ],
        "text": "chemotherapy coinsurance?"
      },
      {
        "intent": "benefit_inform",
        "entities": [
          {
            "start": 0,
            "end": 12,
            "value": "chemotherapy",
            "entity": "service"
          }
        ],
        "text": "chemotherapy benefits?"
      },
      {
        "intent": "benefit_inform",
        "entities": [
          {
            "start": 5,
            "end": 18,
            "value": "chemotherapy ",
            "entity": "service"
          }
        ],
        "text": "tell chemotherapy benefits"
      },
      {
        "intent": "coinsurance_inform",
        "entities": [
          {
            "start": 5,
            "end": 18,
            "value": "chemotherapy ",
            "entity": "service"
          }
        ],
        "text": "tell chemotherapy coinsurance"
      },
      {
        "intent": "benefit_inform",
        "entities": [
          {
            "start": 0,
            "end": 17,
            "value": "radiation therapy",
            "entity": "service"
          }
        ],
        "text": "radiation therapy benefits?"
      },
      {
        "intent": "coinsurance_inform",
        "entities": [
          {
            "start": 0,
            "end": 17,
            "value": "radiation therapy",
            "entity": "service"
          }
        ],
        "text": "radiation therapy coinsurance?"
      },
      {
        "intent": "coinsurance_inform",
        "entities": [
          {
            "start": 27,
            "end": 37,
            "value": "anesthesia",
            "entity": "service"
          }
        ],
        "text": "tell me the coinsurance of anesthesia"
      },
      {
        "intent": "benefit_inform",
        "entities": [
          {
            "start": 24,
            "end": 34,
            "value": "anesthesia",
            "entity": "service"
          }
        ],
        "text": "tell me the benefits of anesthesia."
      },
      {
        "intent": "benefit_inform",
        "entities": [
          {
            "start": 13,
            "end": 24,
            "value": "anesthesia ",
            "entity": "service"
          }
        ],
        "text": "can you tell anesthesia benefits?"
      },
      {
        "intent": "coinsurance_inform",
        "entities": [
          {
            "start": 13,
            "end": 24,
            "value": "anesthesia ",
            "entity": "service"
          }
        ],
        "text": "can you tell anesthesia coinsurance?"
      },
      {
        "intent": "benefit_inform",
        "entities": [
          {
            "start": 0,
            "end": 28,
            "value": "cervical cancer vaccinations",
            "entity": "service"
          }
        ],
        "text": "cervical cancer vaccinations benefits?"
      },
      {
        "intent": "coinsurance_inform",
        "entities": [
          {
            "start": 0,
            "end": 28,
            "value": "cervical cancer vaccinations",
            "entity": "service"
          }
        ],
        "text": "cervical cancer vaccinations coinsurance?"
      },
      {
        "intent": "benefit_inform",
        "entities": [
          {
            "start": 32,
            "end": 61,
            "value": "cervical cancer vaccinations?",
            "entity": "service"
          }
        ],
        "text": "can you tell me the benefits of cervical cancer vaccinations?"
      },
      {
        "intent": "coinsurance_inform",
        "entities": [
          {
            "start": 35,
            "end": 63,
            "value": "cervical cancer vaccinations",
            "entity": "service"
          }
        ],
        "text": "can you tell me the coinsurance of cervical cancer vaccinations?"
      },
      {
        "intent": "coinsurance_inform",
        "entities": [
          {
            "start": 0,
            "end": 11,
            "value": "urinalysis ",
            "entity": "service"
          }
        ],
        "text": "urinalysis coinsurance?"
      },
      {
        "intent": "coinsurance_inform",
        "entities": [
          {
            "start": 8,
            "end": 19,
            "value": "urinalysis ",
            "entity": "service"
          }
        ],
        "text": "Tell me urinalysis coinsurance."
      },
      {
        "intent": "coinsurance_inform",
        "entities": [
          {
            "start": 31,
            "end": 41,
            "value": "urinalysis",
            "entity": "service"
          }
        ],
        "text": "can you tell me coinsurance of urinalysis?"
      },
      {
        "intent": "coinsurance_inform",
        "entities": [
          {
            "start": 0,
            "end": 15,
            "value": " pregnancy test",
            "entity": "service"
          }
        ],
        "text": " pregnancy test coinsurance?"
      },
      {
        "intent": "coinsurance_inform",
        "entities": [
          {
            "start": 8,
            "end": 22,
            "value": "pregnancy test",
            "entity": "service"
          }
        ],
        "text": "Tell me pregnancy test coinsurance."
      },
      {
        "intent": "coinsurance_inform",
        "entities": [
          {
            "start": 32,
            "end": 46,
            "value": "pregnancy test",
            "entity": "service"
          }
        ],
        "text": "can you tell me coinsurance of  pregnancy test?"
      },
      {
        "intent": "coinsurance_inform",
        "entities": [
          {
            "start": 0,
            "end": 11,
            "value": "rapid strep",
            "entity": "service"
          }
        ],
        "text": "rapid strep coinsurance?"
      },
      {
        "intent": "benefit_inform",
        "entities": [
          {
            "start": 31,
            "end": 43,
            "value": "broken bones",
            "entity": "service"
          }
        ],
        "text": "What are my benefits if I have broken bones?"
      },
      {
        "intent": "coinsurance_inform",
        "entities": [
          {
            "start": 25,
            "end": 37,
            "value": "broken bones",
            "entity": "service"
          }
        ],
        "text": "How much coinsurance for broken bones?"
      },
      {
        "intent": "coinsurance_inform",
        "entities": [
          {
            "start": 16,
            "end": 40,
            "value": "stitches for simple cuts",
            "entity": "service"
          }
        ],
        "text": "coinsurance for stitches for simple cuts?"
      },
      {
        "intent": "coinsurance_inform",
        "entities": [
          {
            "start": 0,
            "end": 24,
            "value": " Elective Contact Lenses",
            "entity": "service"
          }
        ],
        "text": " Elective Contact Lenses coinsurance?"
      },
      {
        "intent": "coinsurance_inform",
        "entities": [
          {
            "start": 16,
            "end": 43,
            "value": "non elective contact lenses",
            "entity": "service"
          }
        ],
        "text": "coinsurance for non elective contact lenses?"
      },
      {
        "intent": "benefit_inform",
        "entities": [
          {
            "start": 0,
            "end": 9,
            "value": "Flu shots",
            "entity": "service"
          }
        ],
        "text": "Flu shots benefits?"
      },
      {
        "intent": "coinsurance_inform",
        "entities": [
          {
            "start": 26,
            "end": 42,
            "value": "Home Care Visits",
            "entity": "service"
          }
        ],
        "text": "What is the copayment for Home Care Visits ?"
      },
      {
        "intent": "coinsurance_inform",
        "entities": [
          {
            "start": 28,
            "end": 42,
            "value": "Home Dialysis ",
            "entity": "service"
          }
        ],
        "text": "What is the coinsurance for Home Dialysis ?"
      },
      {
        "intent": "coinsurance_inform",
        "entities": [
          {
            "start": 28,
            "end": 49,
            "value": "Home Infusion Therapy",
            "entity": "service"
          }
        ],
        "text": "What is the coinsurance for Home Infusion Therapy?"
      },
      {
        "intent": "coinsurance_inform",
        "entities": [
          {
            "start": 35,
            "end": 63,
            "value": "Specialty Prescription Drugs",
            "entity": "service"
          }
        ],
        "text": "Please tell me the coinsurance for Specialty Prescription Drugs."
      },
      {
        "intent": "coinsurance_inform",
        "entities": [
          {
            "start": 32,
            "end": 56,
            "value": "Other Home Care Services",
            "entity": "service"
          }
        ],
        "text": "How much is the coinsurance for Other Home Care Services?"
      },
      {
        "intent": "benefit_inform",
        "entities": [
          {
            "start": 26,
            "end": 44,
            "value": "Home Care Services",
            "entity": "service"
          }
        ],
        "text": "What are the benefits for Home Care Services?"
      },
      {
        "intent": "benefit_inform",
        "entities": [
          {
            "start": 26,
            "end": 38,
            "value": "Hospice Care",
            "entity": "service"
          }
        ],
        "text": "What are the benefits for Hospice Care?"
      },
      {
        "intent": "coinsurance_inform",
        "entities": [
          {
            "start": 28,
            "end": 40,
            "value": "Hospice Care",
            "entity": "service"
          }
        ],
        "text": "What is the coinsurance for Hospice Care?"
      },
      {
        "intent": "coinsurance_inform",
        "entities": [
          {
            "start": 31,
            "end": 50,
            "value": "Acute Care Facility",
            "entity": "service"
          }
        ],
        "text": "What will be the copayment for Acute Care Facility?"
      },
      {
        "intent": "coinsurance_inform",
        "entities": [
          {
            "start": 26,
            "end": 50,
            "value": "Skilled Nursing Facility",
            "entity": "service"
          }
        ],
        "text": "What is the copayment for Skilled Nursing Facility?"
      },
      {
        "intent": "coinsurance_inform",
        "entities": [
          {
            "start": 28,
            "end": 42,
            "value": "diagnostic lab",
            "entity": "service"
          }
        ],
        "text": "What is the coinsurance for diagnostic lab?"
      },
      {
        "intent": "coinsurance_inform",
        "entities": [
          {
            "start": 28,
            "end": 44,
            "value": "medical supplies",
            "entity": "service"
          }
        ],
        "text": "What is the coinsurance for medical supplies?"
      },
      {
        "intent": "coinsurance_inform",
        "entities": [
          {
            "start": 28,
            "end": 48,
            "value": "General Medical Care",
            "entity": "service"
          }
        ],
        "text": "What is the coinsurance for General Medical Care?"
      },
      {
        "intent": "coinsurance_inform",
        "entities": [
          {
            "start": 28,
            "end": 53,
            "value": "Evaluation and Management",
            "entity": "service"
          }
        ],
        "text": "What is the coinsurance for Evaluation and Management?"
      },
      {
        "intent": "benefit_inform",
        "entities": [
          {
            "start": 34,
            "end": 52,
            "value": "Maternity Services",
            "entity": "service"
          }
        ],
        "text": "What are the benefits included in Maternity Services?"
      },
      {
        "intent": "benefit_inform",
        "entities": [
          {
            "start": 36,
            "end": 54,
            "value": "Maternity services",
            "entity": "service"
          }
        ],
        "text": "What are the services covered under Maternity services?"
      },
      {
        "intent": "coinsurance_inform",
        "entities": [
          {
            "start": 28,
            "end": 44,
            "value": "Maternity Visits",
            "entity": "service"
          }
        ],
        "text": "What is the coinsurance for Maternity Visits?"
      },
      {
        "intent": "coinsurance_inform",
        "entities": [
          {
            "start": 28,
            "end": 44,
            "value": "Artificial limbs",
            "entity": "service"
          }
        ],
        "text": "What is the coinsurance for Artificial limbs?"
      },
      {
        "intent": "coinsurance_inform",
        "entities": [
          {
            "start": 22,
            "end": 31,
            "value": "Colostomy",
            "entity": "service"
          }
        ],
        "text": "What is the copay for Colostomy?"
      },
      {
        "intent": "coinsurance_inform",
        "entities": [
          {
            "start": 28,
            "end": 36,
            "value": "syringes",
            "entity": "service"
          }
        ],
        "text": "What is the coinsurance for syringes?"
      },
      {
        "intent": "coinsurance_inform",
        "entities": [
          {
            "start": 28,
            "end": 35,
            "value": "needles",
            "entity": "service"
          }
        ],
        "text": "What is the coinsurance for needles?"
      },
      {
        "intent": "coinsurance_inform",
        "entities": [
          {
            "start": 28,
            "end": 46,
            "value": "surgical dressings",
            "entity": "service"
          }
        ],
        "text": "What is the coinsurance for surgical dressings?"
      },
      {
        "intent": "coinsurance_inform",
        "entities": [
          {
            "start": 29,
            "end": 38,
            "value": "Band-Aids",
            "entity": "service"
          }
        ],
        "text": "What is the coinsurance for  Band-Aids?"
      },
      {
        "intent": "coinsurance_inform",
        "entities": [
          {
            "start": 29,
            "end": 41,
            "value": "thermometers",
            "entity": "service"
          }
        ],
        "text": "What is the coinsurance for  thermometers?"
      },
      {
        "intent": "coinsurance_inform",
        "entities": [
          {
            "start": 28,
            "end": 37,
            "value": "C-section",
            "entity": "service"
          }
        ],
        "text": "What is the coinsurance for C-section?"
      },
      {
        "intent": "coinsurance_inform",
        "entities": [
          {
            "start": 28,
            "end": 44,
            "value": "Fetal screenings",
            "entity": "service"
          }
        ],
        "text": "What is the coinsurance for Fetal screenings?"
      },
      {
        "intent": "coinsurance_inform",
        "entities": [
          {
            "start": 28,
            "end": 38,
            "value": "postpartum",
            "entity": "service"
          }
        ],
        "text": "What is the coinsurance for postpartum?"
      },
      {
        "intent": "coinsurance_inform",
        "entities": [
          {
            "start": 28,
            "end": 36,
            "value": "Prenatal",
            "entity": "service"
          }
        ],
        "text": "What is the coinsurance for Prenatal?"
      },
      {
        "intent": "coinsurance_inform",
        "entities": [
          {
            "start": 28,
            "end": 37,
            "value": "postnatal",
            "entity": "service"
          }
        ],
        "text": "What is the coinsurance for postnatal?"
      },
      {
        "intent": "benefit_inform",
        "entities": [
          {
            "start": 36,
            "end": 55,
            "value": "Nutritional support",
            "entity": "service"
          }
        ],
        "text": "What are the benefits available for Nutritional support?"
      },
      {
        "intent": "coinsurance_inform",
        "entities": [
          {
            "start": 29,
            "end": 44,
            "value": "petroleum jelly",
            "entity": "service"
          }
        ],
        "text": "What is the coinsurance for  petroleum jelly?"
      },
      {
        "intent": "benefit_inform",
        "entities": [
          {
            "start": 34,
            "end": 57,
            "value": "Mental Illness Services",
            "entity": "service"
          }
        ],
        "text": "What are the benefits covered for Mental Illness Services?"
      },
      {
        "intent": "coinsurance_inform",
        "entities": [
          {
            "start": 22,
            "end": 43,
            "value": "prosthetics equipment",
            "entity": "service"
          }
        ],
        "text": "what is the copay for prosthetics equipment?"
      }
    ],
    "regex_features": [],
    "entity_synonyms": []
  }
}